{
	"groups": [
		{
			"keys": "checkbox_select_disabled_png,checkbox_select_down_png,checkbox_select_up_png,checkbox_unselect_png,selected_png,border_png,header_png,radiobutton_select_disabled_png,radiobutton_select_down_png,radiobutton_select_up_png,radiobutton_unselect_png,roundthumb_png,thumb_png,track_png,tracklight_png,handle_png,off_png,on_png,button_down_png,button_up_png,thumb_pb_png,track_pb_png,track_sb_png,bg_jpg,description_json,greenBtnDown_png,greenBtnUp_png,redBtnDown_png,redBtnUp_png,greenBtnDown2_png,greenBtnUp2_png,redBtnDown2_png,redBtnUp2_png,button_down2_png,button_up2_png,checkbox_select_disabled2_png,checkbox_select_down2_png,checkbox_select_up2_png,checkbox_unselect2_png,selected2_png,border2_png,header2_png,thumb_pb2_png,track_pb2_png,radiobutton_select_disabled2_png,radiobutton_select_down2_png,radiobutton_select_up2_png,radiobutton_unselect2_png,roundthumb2_png,track_sb2_png,thumb2_png,track2_png,tracklight2_png,handle2_png,off2_png,on2_png,bg2_jpg,User_json,roleModule_1_png,roleModule_2_png,roleModule_3_png,roleModule_4_png,roleModule_5_png,roleModule_6_png,roleModule_7_png,roleModule_8_png,Plant_json",
			"name": "preload"
		}
	],
	"resources": [
		{
			"url": "assets/CheckBox/checkbox_select_disabled.png",
			"type": "image",
			"name": "checkbox_select_disabled_png"
		},
		{
			"url": "assets/CheckBox/checkbox_select_down.png",
			"type": "image",
			"name": "checkbox_select_down_png"
		},
		{
			"url": "assets/CheckBox/checkbox_select_up.png",
			"type": "image",
			"name": "checkbox_select_up_png"
		},
		{
			"url": "assets/CheckBox/checkbox_unselect.png",
			"type": "image",
			"name": "checkbox_unselect_png"
		},
		{
			"url": "assets/ItemRenderer/selected.png",
			"type": "image",
			"name": "selected_png"
		},
		{
			"url": "assets/Panel/border.png",
			"type": "image",
			"name": "border_png"
		},
		{
			"url": "assets/Panel/header.png",
			"type": "image",
			"name": "header_png"
		},
		{
			"url": "assets/RadioButton/radiobutton_select_disabled.png",
			"type": "image",
			"name": "radiobutton_select_disabled_png"
		},
		{
			"url": "assets/RadioButton/radiobutton_select_down.png",
			"type": "image",
			"name": "radiobutton_select_down_png"
		},
		{
			"url": "assets/RadioButton/radiobutton_select_up.png",
			"type": "image",
			"name": "radiobutton_select_up_png"
		},
		{
			"url": "assets/RadioButton/radiobutton_unselect.png",
			"type": "image",
			"name": "radiobutton_unselect_png"
		},
		{
			"url": "assets/ScrollBar/roundthumb.png",
			"type": "image",
			"name": "roundthumb_png"
		},
		{
			"url": "assets/Slider/thumb.png",
			"type": "image",
			"name": "thumb_png"
		},
		{
			"url": "assets/Slider/track.png",
			"type": "image",
			"name": "track_png"
		},
		{
			"url": "assets/Slider/tracklight.png",
			"type": "image",
			"name": "tracklight_png"
		},
		{
			"url": "assets/ToggleSwitch/handle.png",
			"type": "image",
			"name": "handle_png"
		},
		{
			"url": "assets/ToggleSwitch/off.png",
			"type": "image",
			"name": "off_png"
		},
		{
			"url": "assets/ToggleSwitch/on.png",
			"type": "image",
			"name": "on_png"
		},
		{
			"url": "assets/Button/button_down.png",
			"type": "image",
			"name": "button_down_png"
		},
		{
			"url": "assets/Button/button_up.png",
			"type": "image",
			"name": "button_up_png"
		},
		{
			"url": "assets/ProgressBar/thumb_pb.png",
			"type": "image",
			"name": "thumb_pb_png"
		},
		{
			"url": "assets/ProgressBar/track_pb.png",
			"type": "image",
			"name": "track_pb_png"
		},
		{
			"url": "assets/ScrollBar/track_sb.png",
			"type": "image",
			"name": "track_sb_png"
		},
		{
			"url": "assets/bg.jpg",
			"type": "image",
			"name": "bg_jpg"
		},
		{
			"url": "config/description.json",
			"type": "json",
			"name": "description_json"
		},
		{
			"url": "assets/Button/greenBtnDown.png",
			"type": "image",
			"name": "greenBtnDown_png"
		},
		{
			"url": "assets/Button/greenBtnUp.png",
			"type": "image",
			"name": "greenBtnUp_png"
		},
		{
			"url": "assets/Button/redBtnDown.png",
			"type": "image",
			"name": "redBtnDown_png"
		},
		{
			"url": "assets/Button/redBtnUp.png",
			"type": "image",
			"name": "redBtnUp_png"
		},
		{
			"url": "assets/Button/greenBtnDown.png",
			"type": "image",
			"name": "greenBtnDown2_png"
		},
		{
			"url": "assets/Button/greenBtnUp.png",
			"type": "image",
			"name": "greenBtnUp2_png"
		},
		{
			"url": "assets/Button/redBtnDown.png",
			"type": "image",
			"name": "redBtnDown2_png"
		},
		{
			"url": "assets/Button/redBtnUp.png",
			"type": "image",
			"name": "redBtnUp2_png"
		},
		{
			"url": "assets/Button/button_down.png",
			"type": "image",
			"name": "button_down2_png"
		},
		{
			"url": "assets/Button/button_up.png",
			"type": "image",
			"name": "button_up2_png"
		},
		{
			"url": "assets/CheckBox/checkbox_select_disabled.png",
			"type": "image",
			"name": "checkbox_select_disabled2_png"
		},
		{
			"url": "assets/CheckBox/checkbox_select_down.png",
			"type": "image",
			"name": "checkbox_select_down2_png"
		},
		{
			"url": "assets/CheckBox/checkbox_select_up.png",
			"type": "image",
			"name": "checkbox_select_up2_png"
		},
		{
			"url": "assets/CheckBox/checkbox_unselect.png",
			"type": "image",
			"name": "checkbox_unselect2_png"
		},
		{
			"url": "assets/ItemRenderer/selected.png",
			"type": "image",
			"name": "selected2_png"
		},
		{
			"url": "assets/Panel/border.png",
			"type": "image",
			"name": "border2_png"
		},
		{
			"url": "assets/Panel/header.png",
			"type": "image",
			"name": "header2_png"
		},
		{
			"url": "assets/ProgressBar/thumb_pb.png",
			"type": "image",
			"name": "thumb_pb2_png"
		},
		{
			"url": "assets/ProgressBar/track_pb.png",
			"type": "image",
			"name": "track_pb2_png"
		},
		{
			"url": "assets/RadioButton/radiobutton_select_disabled.png",
			"type": "image",
			"name": "radiobutton_select_disabled2_png"
		},
		{
			"url": "assets/RadioButton/radiobutton_select_down.png",
			"type": "image",
			"name": "radiobutton_select_down2_png"
		},
		{
			"url": "assets/RadioButton/radiobutton_select_up.png",
			"type": "image",
			"name": "radiobutton_select_up2_png"
		},
		{
			"url": "assets/RadioButton/radiobutton_unselect.png",
			"type": "image",
			"name": "radiobutton_unselect2_png"
		},
		{
			"url": "assets/ScrollBar/roundthumb.png",
			"type": "image",
			"name": "roundthumb2_png"
		},
		{
			"url": "assets/ScrollBar/track_sb.png",
			"type": "image",
			"name": "track_sb2_png"
		},
		{
			"url": "assets/Slider/thumb.png",
			"type": "image",
			"name": "thumb2_png"
		},
		{
			"url": "assets/Slider/track.png",
			"type": "image",
			"name": "track2_png"
		},
		{
			"url": "assets/Slider/tracklight.png",
			"type": "image",
			"name": "tracklight2_png"
		},
		{
			"url": "assets/ToggleSwitch/handle.png",
			"type": "image",
			"name": "handle2_png"
		},
		{
			"url": "assets/ToggleSwitch/off.png",
			"type": "image",
			"name": "off2_png"
		},
		{
			"url": "assets/ToggleSwitch/on.png",
			"type": "image",
			"name": "on2_png"
		},
		{
			"url": "assets/bg.jpg",
			"type": "image",
			"name": "bg2_jpg"
		},
		{
			"url": "config/datasheet/User.json",
			"type": "json",
			"name": "User_json"
		},
		{
			"name": "roleModule_1_png",
			"type": "image",
			"url": "assets/game/ui/roleModule/roleModule_1.png"
		},
		{
			"name": "roleModule_2_png",
			"type": "image",
			"url": "assets/game/ui/roleModule/roleModule_2.png"
		},
		{
			"name": "roleModule_3_png",
			"type": "image",
			"url": "assets/game/ui/roleModule/roleModule_3.png"
		},
		{
			"name": "roleModule_4_png",
			"type": "image",
			"url": "assets/game/ui/roleModule/roleModule_4.png"
		},
		{
			"name": "roleModule_5_png",
			"type": "image",
			"url": "assets/game/ui/roleModule/roleModule_5.png"
		},
		{
			"name": "roleModule_6_png",
			"type": "image",
			"url": "assets/game/ui/roleModule/roleModule_6.png"
		},
		{
			"name": "roleModule_7_png",
			"type": "image",
			"url": "assets/game/ui/roleModule/roleModule_7.png"
		},
		{
			"name": "roleModule_8_png",
			"type": "image",
			"url": "assets/game/ui/roleModule/roleModule_8.png"
		},
		{
			"name": "Plant_json",
			"type": "json",
			"url": "config/datasheet/Plant.json"
		}
	]
}